"Reference","Value","Footprint","Qty","DNP","Digikey","Hersteller-Teilenummer","JLC Part","Manufacturer Part"
"C1","47uF","Capacitor_SMD:C_0805_2012Metric","1","","","","C16780","CL21A476MQYNNNE"
"C2,L1","nc","Capacitor_SMD:C_0402_1005Metric,Inductor_SMD:L_0402_1005Metric","2","","","","",""
"C3,C4,C12,C13","12pF","Capacitor_SMD:C_0402_1005Metric","4","","","","C526985","CC0402GRNPO9BN120"
"C5,C9,C11,C14,C15","100nF","Capacitor_SMD:C_0402_1005Metric","5","","1276-6720-1-ND","","C1525","CL05B104KA5NNNC"
"C6","0.8pF NP0 5%","Capacitor_SMD:C_0402_1005Metric","1","","","","",""
"C7","4.7uF","Capacitor_SMD:C_0402_1005Metric","1","","1276-1784-1-ND","","C23733","CL05A475KP5NRNC"
"C8","100pF","Capacitor_SMD:C_0402_1005Metric","1","","478-1082-1-ND","","C1546"," KGM05ACG1H101FN "
"C10","1uF","Capacitor_SMD:C_0402_1005Metric","1","","1276-1067-1-ND","","C52923","CL05A105KO5NNNC"
"C16","0.5pF","Capacitor_SMD:C_0402_1005Metric","1","","","","",""
"D1","LED","LED_SMD:LED_0402_1005Metric","1","","","","",""
"L3","3.9nH","Inductor_SMD:L_0402_1005Metric","1","","","","C14033","MLG1005S3N9BT000"
"L4","15nH","Inductor_SMD:L_0402_1005Metric","1","","","","C27143","MLG1005S15NJT000"
"L5","10uH","Inductor_SMD:L_0603_1608Metric","1","","","","C1035","MLF1608E100KTD00"
"R1","1R1","Resistor_SMD:R_0402_1005Metric","1","","","",""," SFR01MZPJ112 "
"R2,R3,R4,R5","10k","Resistor_SMD:R_0402_1005Metric","4","","","",""," RCA040210K0JNED "
"TP1","TestPoint","phyphox-footprints:MY-ZJ-128","1","","","","",""
"TP5","TestPoint","phyphox-footprints:phyfob_bat_dot","1","Nicht bestücken","","","",""
"U1","nRF52832-QFxx","Package_DFN_QFN:QFN-48-1EP_6x6mm_P0.4mm_EP4.6x4.6mm","1","","","","",""
"U2","LSM6DSRTR","phyphox-footprints:lsm6dsr","1","","","","",""
"U3","BMP580","phyphox-footprints:BMP581","1","","","","",""
"U4","HDC1080","Package_SON:Texas_PWSON-N6","1","","","","",""
"U5","STCC4","phyphox-footprints:STCC4","1","","","","",""
"U6","AT25FF161A","phyphox-footprints:USON-8L-2X3X0P6_MAC","1","","","MX25R1635FZUIL0","",""
"Y1","32MHz","Crystal:Crystal_SMD_2016-4Pin_2.0x1.6mm","1","","","","C718072","X201632MKB4SI"
"Y2","C5185312","Crystal:Crystal_SMD_3215-2Pin_3.2x1.5mm","1","","","C5185312","",""
